GS,2023-11-09 19:02:00,https://storage.googleapis.com/glide-prod.appspot.com/uploads-v2/uNOgjdbeolykCXHBMvi0/pub/GFZOtOoybnrJfWRoQV1p/China%202024%20Outlook_%20Striking%20the%20Policy%20Put.pdf,China 2024 Outlook : Striking the Policy Put
GS,2023-11-09 00:01:00,https://storage.googleapis.com/glide-prod.appspot.com/uploads-v2/uNOgjdbeolykCXHBMvi0/pub/0e0DXzNA2TJ1MzGvjqOd/Global%20Economics%20Analyst_%20Macro%20Outlook%202024_%20The%20Hard%20Part%20Is%20Over.pdf,Global Economics Analyst Macro Outlook 2024: The Hard Part Is Over
GS,2023-11-11 01:10:00,https://storage.googleapis.com/glide-prod.appspot.com/uploads-v2/uNOgjdbeolykCXHBMvi0/pub/3ANGZcHGCUqkCTePRoCX/2024%20Global%20FX%20Outlook_%20Living%20in%20a%20Dollar%20World.pdf,2024 Global FX Outlook: Living in a Dollar World
ms,2023-11-09 18:24:00,https://storage.googleapis.com/glide-prod.appspot.com/uploads-v2/uNOgjdbeolykCXHBMvi0/pub/BGJAsTufaC0iSzLMMNjb/ltcma-full-report.pdf,2024 Edition Long-Term Capital Market Assumptions
GS,2023-11-09 18:24:00,https://storage.googleapis.com/glide-prod.appspot.com/uploads-v2/uNOgjdbeolykCXHBMvi0/pub/2rvIOq4B6Xo6UJwhhjl7/Global%20Markets%20Outlook%202024_%20Towards%20a%20Better%20Balance.pdf,Global Markets Outlook 2024: Towards a Better Balance
GS,2023-11-09 16:50:00,https://storage.googleapis.com/glide-prod.appspot.com/uploads-v2/uNOgjdbeolykCXHBMvi0/pub/x9HOTdQKCn7KbBviWIGh/Asia%20Views_%202024%20Outlook--Adjusting%20to%20a%20new%20era.pdf,2024 Asia Outlook��Adjusting to a new era
GS,2023-11-12 17:16:00,https://storage.googleapis.com/glide-prod.appspot.com/uploads-v2/uNOgjdbeolykCXHBMvi0/pub/70tZCvD3SYFEuDbjUsep/EM%20Asia%20FX_Rates%20Views_%202024%20Outlook_%20Rotating%20towards%20export-oriented%20currencies.pdf,EM Asia FX_Rates Views 2024 Outlook : Rotating towards export oriented currencies
UBS,2023-11-07 15:29:00,https://storage.googleapis.com/glide-prod.appspot.com/uploads-v2/uNOgjdbeolykCXHBMvi0/pub/DRYk0ypLjZSC5jslvlHk/UBS%20House%20View%20Briefcases_en_1603346.pdf,Top 10 questions answered 07/11
UBS,2023-11-10 00:00:00,https://storage.googleapis.com/glide-prod.appspot.com/uploads-v2/uNOgjdbeolykCXHBMvi0/pub/Gsf7ZV4quTptbBmsZuGR/Daily_%20The%20outlook%20for%20equities%20in%202024%20_%20UBS%20Global.pdf,The outlook for equities in 2024  UBS Global
GS,2023-11-13 12:59:00,https://storage.googleapis.com/glide-prod.appspot.com/uploads-v2/uNOgjdbeolykCXHBMvi0/pub/2KsjyB3AjVWQVLPNN5Hh/Global%20Equity%20Strategy_%202024%20Outlook_%20Home%20on%20the%20Range.pdf,Global Equity Strategy 2024 Outlook:  Home on the Range
GS,2023-11-12 21:44:00,https://storage.googleapis.com/glide-prod.appspot.com/uploads-v2/uNOgjdbeolykCXHBMvi0/pub/j9G2JY7nl6UtpWmjrRiz/China_%202024%20China%20Equity%20Outlook_%20From%20Reopening%20to%20Rebalancing.pdf,2024 China Equity Outlook: From Reopening to Rebalancing
UBS,2023-11-16 16:42:00,https://storage.googleapis.com/glide-prod.appspot.com/uploads-v2/uNOgjdbeolykCXHBMvi0/pub/udT0PYN8ah88Y5TzGcfw/Digital-UBS-year-ahead-2024-GLOBAL-APAC-EN.pdf,A New World - UBS CIO Year Ahead 2024 Report
GS,2023-10-17 00:00:00,https://storage.googleapis.com/glide-prod.appspot.com/uploads-v2/uNOgjdbeolykCXHBMvi0/pub/wSuav39km31ADOZ2PPbd/GS%20Dig%20Assets%20Stratbook%20-%20Crypto%20Blockuccino_17Oct2023.pdf,GS Dig Assets Stratbook - Crypto Blockuccino 17Oct2023
GS,2023-11-15 11:29:00,https://storage.googleapis.com/glide-prod.appspot.com/uploads-v2/uNOgjdbeolykCXHBMvi0/pub/2nU9DcdFUg4fcn0viPlW/GS%20Crypto-%20Are%20investors%20back%20in%20crypto%20markets.pdf,GS Crypto- Are investors back in crypto markets
GS,2023-11-02 11:05:00,https://storage.googleapis.com/glide-prod.appspot.com/uploads-v2/uNOgjdbeolykCXHBMvi0/pub/nGFzRp69WeVxhP137WVe/GS%20Crypto-%20Monthly%20On-chain%20%26%20Market%20Data%20(Oct%202023).pdf,GS Crypto- Monthly On-chain & Market Data (Oct 2023)
UBS,2023-11-13 20:11:00,https://storage.googleapis.com/glide-prod.appspot.com/uploads-v2/uNOgjdbeolykCXHBMvi0/pub/2mnWEJLIbU6eC0vm2Xbd/Weekly%20Global_en_1603749.pdf,The equity outlook into 2024
UBS,2023-11-09 00:00:00,https://storage.googleapis.com/glide-prod.appspot.com/uploads-v2/uNOgjdbeolykCXHBMvi0/pub/vsOOcdBNaFWJGqdes6Az/Global%20Economics%20%26%20Markets%20Outlook%202024-2025.pdf,Global Economics & Markets Outlook 2024-2025
UBS,2023-11-20 00:00:00,https://storage.googleapis.com/glide-prod.appspot.com/uploads-v2/uNOgjdbeolykCXHBMvi0/pub/xjMZA8zW7EXNADbfbIEd/China%20Equity%20Strategy%202024%20outlook%20-%20Dragon%20spirits%20rekindled.pdf,China Equity Strategy 2024 outlook - Dragon spirits rekindled
UBS,2023-11-21 00:00:00,https://storage.googleapis.com/glide-prod.appspot.com/uploads-v2/uNOgjdbeolykCXHBMvi0/pub/kb8XXz8otUE07GGzIIuC/ASIA%20Compass%20%20Outlook%202024-%20The%20year%20of%20transition.pdf,ASIA Compass  Outlook 2024- The year of transition
UBS,2023-11-09 00:00:00,https://storage.googleapis.com/glide-prod.appspot.com/uploads-v2/uNOgjdbeolykCXHBMvi0/pub/0izpa9AG1k1TpqmZGtYj/China%20Economic%20Perspectives%20China%20Outlook%202024-25-%20Sustaining%20Growth%20in%20the%20Property%20Downturn.pdf,China Economic Perspectives China Outlook 2024-25- Sustaining Growth in the Property Downturn
UBS,2023-11-21 00:00:00,https://storage.googleapis.com/glide-prod.appspot.com/uploads-v2/uNOgjdbeolykCXHBMvi0/pub/Vv7XcG8n8U2Hj4wIkPPx/European%20Luxury%202024%20Outlook-%20A%20call%20for%20caution.pdf,European Luxury 2024 Outlook: A call for caution
UBS,2023-11-21 00:00:00,https://storage.googleapis.com/glide-prod.appspot.com/uploads-v2/uNOgjdbeolykCXHBMvi0/pub/7Sf7sjy1LwoaE14sFfUJ/Global%20FX%20Strategy%202024%20Outlook-%20American%20catchdown.pdf,Global FX Strategy 2024 Outlook- American catchdown
UBS,2023-11-21 00:00:00,https://storage.googleapis.com/glide-prod.appspot.com/uploads-v2/uNOgjdbeolykCXHBMvi0/pub/O1YVGrzlNNy51Wa9f1NJ/LVMH%20Moet%20Hennessy%20Louis%20Vuitton%20SA.pdf,"LVMH Moet Hennessy Louis Vuitton SA 2024 Outlook: Consolidating market share gains,down to Neutral"
GS,2023-11-21 07:24:00,https://storage.googleapis.com/glide-prod.appspot.com/uploads-v2/uNOgjdbeolykCXHBMvi0/pub/fLVtACdcdH70LEZZsAVq/Hedge%20fund%20crowding%20reaches%20new%20record%20as%20popular%20positions%20enjoy%20momentum.pdf,Hedge fund crowding reaches new record as popular positions enjoy momentum
GS,2023-12-03 16:12:00,https://storage.googleapis.com/glide-prod.appspot.com/uploads-v2/uNOgjdbeolykCXHBMvi0/pub/oybqM7VLzQ0KwzLWYSR8/China%20Matters_%20FAQs%20on%20our%202024%20outlook.pdf,FAQs on our 2024 outlook
MS,2023-12-05 06:27:00,https://storage.googleapis.com/glide-prod.appspot.com/uploads-v2/uNOgjdbeolykCXHBMvi0/pub/zJM69SgoXXMvhOHm96og/CHINA_20231204_2227.pdf,China Internet: 2024 Outlook | Asia Pacific Another Year of Alpha
ms,2023-12-29 00:00:00,https://storage.googleapis.com/glide-prod.appspot.com/uploads-v2/uNOgjdbeolykCXHBMvi0/pub/TDTakXErCUodnCkm8vgF/Outlook-2024-JP%20Morgan.pdf,Outlook 2024 JP Morgan�� Investing reconfigured