RMS.FP,,,,
TTE.FP,ff1f416e-e4f2-11ee-b30e-3774e444eabf,TOTALENERGIES SE,TotalEnergies SE,c143193c-d481-11d5-8f83-f03a82eb7e91
OR.FP,ff1f416f-e4f2-11ee-b30e-3774e444eabf,OREAL,L'Oreal,c08b7444-d481-11d5-8f83-f03a82eb7e91
SAN.FP,ff1f4170-e4f2-11ee-b30e-3774e444eabf,SANOFI,Sanofi,82276900-de00-11d5-9be0-f05e055bbe70
CS.FP,ff1f4171-e4f2-11ee-b30e-3774e444eabf,AXA,AXA,c1edeb78-d481-11d5-8f83-f03a82eb7e91
MC.FP,,,,
AIR.FP,ff1f4173-e4f2-11ee-b30e-3774e444eabf,AIRBUS,Airbus,f801f3ca-6541-11d6-884c-d854783f2dbe
RACE.IM,ff1f4174-e4f2-11ee-b30e-3774e444eabf,FERRARI,Ferrari NV,87aff286-635a-11d6-989f-c1c08f57383f
INGA.NA,ff1f4175-e4f2-11ee-b30e-3774e444eabf,ING,ING Groep NV,ca01064c-d481-11d5-8f83-f03a82eb7e91
BNP.FP,ff1f4176-e4f2-11ee-b30e-3774e444eabf,BNP Paribas Group,,not found
3690.HK,,,,
1024.HK,,,,
0700.HK,,,,
1211.HK,,,,
0631.HK,,,,
2318.HK,,,,
1299.HK,,,,
0388.HK,,,,
0005.HK,,,,
3968.HK,,,,
1810.HK,,,,
1458.HK,,,,
2020.HK,,,,
2331.HK,,,,
0883.HK,,,,
0857.HK,,,,
0386.HK,,,,
0981.HK,,,,
2899.HK,,,,
1378.HK,,,,
0941.HK,,,,
0823.HK,,,,
1368.HK,ff1f4177-e4f2-11ee-b30e-3774e444eabf,Xtep,Xtep International Holdings,b682f98a-641f-11d6-91d0-df41366bbfce
2171.HK,ff1f4178-e4f2-11ee-b30e-3774e444eabf,Keji Pharmaceutical,,not found
2359.HK,ff1f4179-e4f2-11ee-b30e-3774e444eabf,WuXi AppTec,WuXi AppTec Co.,3e00d4b4-62e4-11d6-8ec3-a8855034b603
2333.HK,ff1f417a-e4f2-11ee-b30e-3774e444eabf,Great Wall Motors,,not found
2269.HK,ff1f417b-e4f2-11ee-b30e-3774e444eabf,WuXi Biologics,WuXi Biologics,89e39292-52d9-46fc-8c84-cb7bb3527a07
0017.HK,ff1f417c-e4f2-11ee-b30e-3774e444eabf,New World Development,New World Development,c80c8870-d481-11d5-8f83-f03a82eb7e91
0016.HK,ff1f417d-e4f2-11ee-b30e-3774e444eabf,Sun Hung Kai Properties,Sun Hung Kai Properties,c0945d7a-d481-11d5-8f83-f03a82eb7e91
0175.HK,ff1f417e-e4f2-11ee-b30e-3774e444eabf,Geely Automobile,Geely Auto,8188e5da-6403-11d6-9c03-a67e6364edb4
0384.HK,ff1f417f-e4f2-11ee-b30e-3774e444eabf,CHINA GAS HOLDINGS,China Gas Holdings,98a66b46-d481-11d5-8f83-f03a82eb7e91
1193.HK,ff1f4180-e4f2-11ee-b30e-3774e444eabf,CHINA RESOURCES GAS GROUP,China Resources Gas Group,82714780-c408-11d5-86be-993aaf5c1874
8083.HK,ff1f4181-e4f2-11ee-b30e-3774e444eabf,CHINA YOUZAN LTD,,not found
0636.HK,ff1f4182-e4f2-11ee-b30e-3774e444eabf,KERRY LOGISTICS,Kerry Logistics Network Ltd.,4f9ad936-6389-11d6-9144-eebb7f2c7f7d
2689.HK,ff1f4183-e4f2-11ee-b30e-3774e444eabf,NINE DRAGONS PAPER HOLDINGS,Nine Dragons Paper Holdings,6d297010-647f-11d6-94ec-ad2e7d3b0283
3988.HK,ff1f4184-e4f2-11ee-b30e-3774e444eabf,Bank of China,Postal Savings Bank of China Co.,a0b4a09e-6344-11d6-90c0-bc120ca8583b
0694.HK,ff1f4185-e4f2-11ee-b30e-3774e444eabf,BEIJING CAPITAL INTL AIRPO,,not found
1919.HK,ff1f4186-e4f2-11ee-b30e-3774e444eabf,COSCO Shipping,COSCO Shipping Ports Ltd.,b5f6e446-d481-11d5-8f83-f03a82eb7e91
2628.HK,ff1f4187-e4f2-11ee-b30e-3774e444eabf,China Life,China Life Insurance Co.,7a612e02-63e5-11d6-869b-e297e26dd5a8
0728.HK,ff1f4188-e4f2-11ee-b30e-3774e444eabf,China Telecom,China Telecom,8690731c-6526-11d6-9cc3-869ee3644d74
1398.HK,ff1f4189-e4f2-11ee-b30e-3774e444eabf,ICBC,ICBC,001f5c42-6465-11d6-8f34-83d1f2687bb6
0763.HK,ff1f418a-e4f2-11ee-b30e-3774e444eabf,ZTE CORP,,not found
2328.HK,ff1f418b-e4f2-11ee-b30e-3774e444eabf,PICC PROPERTY CASUALTY,PICC Property and Casualty Co.,704e4112-6510-11d6-9f64-f33152581b16
0916.HK,ff1f418c-e4f2-11ee-b30e-3774e444eabf,CHINA LONGYUAN POWER GROUP,,not found
2238.HK,ff1f418d-e4f2-11ee-b30e-3774e444eabf,GAC Group,,not found
1288.HK,ff1f418e-e4f2-11ee-b30e-3774e444eabf,AGRICULTURAL BANK OF CHINA,Agricultural Bank of China,f1182712-63e5-11d6-8517-9316dea9f066
6030.HK,ff1f418f-e4f2-11ee-b30e-3774e444eabf,CITIC,CITIC Ltd.,814fefe8-de00-11d5-9be0-f05e055bbe70
2202.HK,ff1f4190-e4f2-11ee-b30e-3774e444eabf,CHINA VANKE,China Vanke,579397e8-c408-11d5-86be-993aaf5c1874
6865.HK,ff1f4191-e4f2-11ee-b30e-3774e444eabf,FLAT GLASS GROUP,Flat Glass Group,6f9b6a56-e0e4-4395-9fe5-9db86d326551
6060.HK,ff1f4192-e4f2-11ee-b30e-3774e444eabf,ZHONGAN ONLINE PC INSURAN,,not found
6185.HK,ff1f4193-e4f2-11ee-b30e-3774e444eabf,CANSINO BIOLOGICS INC,,not found
0762.HK,ff1f4194-e4f2-11ee-b30e-3774e444eabf,China Unicom,China Unicom,7574d68c-f333-11d5-9c53-cefb9d98b147
0002.HK,ff1f4195-e4f2-11ee-b30e-3774e444eabf,CLP China Electronics Holdings,,not found
0003.HK,ff1f4196-e4f2-11ee-b30e-3774e444eabf,HONG KONG CHINA GAS,Hong Kong & China Gas,c9ca28f2-d481-11d5-8f83-f03a82eb7e91
0006.HK,ff1f4197-e4f2-11ee-b30e-3774e444eabf,Electric Energy Industry,,not found
0011.HK,ff1f4198-e4f2-11ee-b30e-3774e444eabf,HANG SENG,Hang Seng Bank,c1f40954-d481-11d5-8f83-f03a82eb7e91
0027.HK,ff1f4199-e4f2-11ee-b30e-3774e444eabf,Galaxy Entertainment,Galaxy Entertainment Group,8b7ff4e8-c408-11d5-86be-993aaf5c1874
0066.HK,ff1f419a-e4f2-11ee-b30e-3774e444eabf,MTR CORP,MTR Corp.,c27fe910-d481-11d5-8f83-f03a82eb7e91
0293.HK,ff1f419b-e4f2-11ee-b30e-3774e444eabf,CATHAY PACIFIC,Cathay Pacific,c961de5a-d481-11d5-8f83-f03a82eb7e91
0688.HK,ff1f419c-e4f2-11ee-b30e-3774e444eabf,China Overseas Investment,China Overseas Land & Investment,832a62b2-de00-11d5-9be0-f05e055bbe70
0836.HK,ff1f419d-e4f2-11ee-b30e-3774e444eabf,CHINA RESOURCES POWER HOLDIN,,not found
2388.HK,ff1f4184-e4f2-11ee-b30e-3774e444eabf,Bank of China,Postal Savings Bank of China Co.,a0b4a09e-6344-11d6-90c0-bc120ca8583b
6993.HK,ff1f419e-e4f2-11ee-b30e-3774e444eabf,BLUE MOON GROUP HOLDINGS,,not found
1109.HK,ff1f419f-e4f2-11ee-b30e-3774e444eabf,CHINA RESOURCES LAND,China Resources Land,7264e888-f333-11d5-9c53-cefb9d98b147
3333.HK,ff1f41a0-e4f2-11ee-b30e-3774e444eabf,CHINA EVERGRANDE,China Evergrande Group,5b087bea-653a-11d6-8fe9-fcf4041a9e84
0001.HK,ff1f41a1-e4f2-11ee-b30e-3774e444eabf,CK Hutchison Industrial,,not found
1113.HK,ff1f41a2-e4f2-11ee-b30e-3774e444eabf,CK Hutchison Real Estate,,not found
6098.HK,ff1f41a3-e4f2-11ee-b30e-3774e444eabf,COUNTRY GARDEN SERVICES HOLD,,not found
2018.HK,ff1f41a4-e4f2-11ee-b30e-3774e444eabf,AAC TECHNOLOGIES HOLDINGS,,not found
9698.HK,ff1f41a5-e4f2-11ee-b30e-3774e444eabf,GDS HOLDINGS,GDS Holdings,9187a778-6340-11d6-81b0-bf31d6cbaffe
6862.HK,ff1f41a6-e4f2-11ee-b30e-3774e444eabf,Haidilao,Haidilao International Holding,4d4fdbce-62d3-11d6-989f-81405ff728af
6618.HK,ff1f41a7-e4f2-11ee-b30e-3774e444eabf,JD Health,JD Health International,a473a179-fc1e-473e-850e-197cf30f0701
2618.HK,ff1f41a8-e4f2-11ee-b30e-3774e444eabf,JD LOGISTICS,JD Logistics,e35651ff-230d-4820-a8de-7e50e32f6c83
9922.HK,ff1f41a9-e4f2-11ee-b30e-3774e444eabf,JIUMAOJIU INTERNATIONAL,,not found
0960.HK,ff1f41aa-e4f2-11ee-b30e-3774e444eabf,LONGFOR GROUP HOLDINGS,Longfor Group,e1c4c05c-63f6-11d6-8f54-a31132083bf6
0853.HK,ff1f41ab-e4f2-11ee-b30e-3774e444eabf,MICROPORT SCIENTIFIC,,not found
0909.HK,ff1f41ac-e4f2-11ee-b30e-3774e444eabf,MING YUAN CLOUD,Ming Yuan Cloud,ae365850-ab81-46f1-83ed-1db3f726ba6e
9992.HK,ff1f41ad-e4f2-11ee-b30e-3774e444eabf,POP MART INTERNATIONAL,,not found
1928.HK,ff1f41ae-e4f2-11ee-b30e-3774e444eabf,SANDS CHINA,Sands China,480f2632-63f6-11d6-8746-c6e7797b2b79
6969.HK,ff1f41af-e4f2-11ee-b30e-3774e444eabf,SMOORE INTERNATIONAL,,not found
2382.HK,ff1f41b0-e4f2-11ee-b30e-3774e444eabf,SUNNY OPTICAL TECH,,not found
9868.HK,ff1f41b1-e4f2-11ee-b30e-3774e444eabf,XPENG INC  CLASS A SHARES,,not found
2013.HK,ff1f41b2-e4f2-11ee-b30e-3774e444eabf,WEIMOB,,not found
1519.HK,ff1f41b3-e4f2-11ee-b30e-3774e444eabf,Jitu Express,,not found
2822.HK,ff1f41b4-e4f2-11ee-b30e-3774e444eabf,First Pacific Limited,,not found
3033.HK,ff1f41b5-e4f2-11ee-b30e-3774e444eabf,Evergrande,China Evergrande Group,5b087bea-653a-11d6-8fe9-fcf4041a9e84
9626.HK,ff1f4187-e4f2-11ee-b30e-3774e444eabf,China Life,China Life Insurance Co.,7a612e02-63e5-11d6-869b-e297e26dd5a8
1801.HK,ff1f41b6-e4f2-11ee-b30e-3774e444eabf,China Communications Services,,not found
6066.HK,ff1f41b7-e4f2-11ee-b30e-3774e444eabf,CSC Financial,,not found
9633.HK,ff1f41b8-e4f2-11ee-b30e-3774e444eabf,Nongfu Spring,Nongfu Spring,d277ba40-cd0b-4441-8b7f-f6493b522c6e
1772.HK,ff1f41b9-e4f2-11ee-b30e-3774e444eabf,Ganfeng Lithium Industry,,not found
2601.HK,ff1f41ba-e4f2-11ee-b30e-3774e444eabf,China Pacific Insurance,China Pacific Insurance,8a8ceeda-642e-11d6-81f0-ffd1960b4f1e
1336.HK,ff1f41bb-e4f2-11ee-b30e-3774e444eabf,New China Life,New China Life Insurance,2faac99a-63b8-11d6-80d0-acf25c78585b
6886.HK,ff1f41bc-e4f2-11ee-b30e-3774e444eabf,Huatai Securities,Huatai Securities Co.,cea8fc28-63f0-11d6-989f-8140dff7a82f
1988.HK,ff1f41bd-e4f2-11ee-b30e-3774e444eabf,Minsheng Bank,,not found
0939.HK,ff1f41be-e4f2-11ee-b30e-3774e444eabf,CCB,China Construction Bank,a2477b86-6487-11d6-8f1f-884f79e7a17a
2313.HK,ff1f41bf-e4f2-11ee-b30e-3774e444eabf,China Group,China Evergrande Group,5b087bea-653a-11d6-8fe9-fcf4041a9e84
1658.HK,ff1f41c0-e4f2-11ee-b30e-3774e444eabf,Postal Savings Bank,Postal Savings Bank of China Co.,a0b4a09e-6344-11d6-90c0-bc120ca8583b
1138.HK,ff1f41c1-e4f2-11ee-b30e-3774e444eabf,COSCO Energy Transport,,not found
1339.HK,ff1f41c2-e4f2-11ee-b30e-3774e444eabf,People Insurance Company of China,,not found
2502.JT,ff1f41c3-e4f2-11ee-b30e-3774e444eabf,ASAHI GROUP HOLDINGS,,not found
9984.JT,ff1f41c4-e4f2-11ee-b30e-3774e444eabf,SOFTBANK,Softbank Group,b356c80a-d481-11d5-8f83-f03a82eb7e91
6902.JT,ff1f41c5-e4f2-11ee-b30e-3774e444eabf,DENSO CORP,,not found
7203.JP,ff1f41c6-e4f2-11ee-b30e-3774e444eabf,TOYOTA,Toyota Motor,c0f2287e-d481-11d5-8f83-f03a82eb7e91
7201.JP,ff1f41c7-e4f2-11ee-b30e-3774e444eabf,NISSAN,Nissan Motor,c81035ec-d481-11d5-8f83-f03a82eb7e91
9201.JT,ff1f41c8-e4f2-11ee-b30e-3774e444eabf,JA,,not found
8604.JP,ff1f41c9-e4f2-11ee-b30e-3774e444eabf,Nomura,Nomura HD,c8d7fdca-d481-11d5-8f83-f03a82eb7e91
6501.JT,ff1f41ca-e4f2-11ee-b30e-3774e444eabf,HITACHI,Hitachi Construction Machinery,c0e25c82-d481-11d5-8f83-f03a82eb7e91
6954.JT,ff1f41cb-e4f2-11ee-b30e-3774e444eabf,FANUC,Fanuc,c95fdb8c-d481-11d5-8f83-f03a82eb7e91
6702.JT,ff1f41cc-e4f2-11ee-b30e-3774e444eabf,FUJITSU LIMITED,Fujitsu General,ec1cd663-e316-441c-a684-e865b0bdacc8
7267.JT,ff1f41cd-e4f2-11ee-b30e-3774e444eabf,HONDA MOTOR,Honda Motor,c191f160-d481-11d5-8f83-f03a82eb7e91
8316.JT,ffd08b4a-e4f2-11ee-b30e-3774e444eabf,Sumitomo Mitsui,SMFG,7a01598e-6523-11d6-8090-ec721c3858db
8411.JT,ffd08b4b-e4f2-11ee-b30e-3774e444eabf,Mizuho,Mizuho FG,85cc95f0-651c-11d6-949d-fb4cfb130c90
8031.JT,ffd08b4c-e4f2-11ee-b30e-3774e444eabf,UFJ,MUFG,9d026a1e-d481-11d5-8f83-f03a82eb7e91
8053.JT,ffd08b4d-e4f2-11ee-b30e-3774e444eabf,NewsBank Corporation,,not found
8002.JT,ffd08b4e-e4f2-11ee-b30e-3774e444eabf,Mitsui Fudosan,Mitsui Fudosan,713df030-f333-11d5-9c53-cefb9d98b147
8697.JT,ffd08b4f-e4f2-11ee-b30e-3774e444eabf,Japan Exchange,Japan Exchange Group,b3ee26f0-6509-11d6-9fb9-dcc4d48a8e24
8001.JT,ffd08b50-e4f2-11ee-b30e-3774e444eabf,ITOCHU,Itochu Techno Solutions,713bd07a-f333-11d5-9c53-cefb9d98b147
8410.JT,ffd08b51-e4f2-11ee-b30e-3774e444eabf,Sumitomo Mitsui Trust,,not found
9020.JT,ffd08b52-e4f2-11ee-b30e-3774e444eabf,East Japan Railway,East Japan Railway,c01bf63c-d481-11d5-8f83-f03a82eb7e91
005930.KS,ffd08b53-e4f2-11ee-b30e-3774e444eabf,Samsung Electronics,Samsung Electronics,c7f93c5c-d481-11d5-8f83-f03a82eb7e91
AZN.LN,ffd08b54-e4f2-11ee-b30e-3774e444eabf,ASTRAZENECA,AstraZeneca,c2862c4e-d481-11d5-8f83-f03a82eb7e91
RTN.LN,ffd08b55-e4f2-11ee-b30e-3774e444eabf,RESTAURANT GROUP,First Watch Restaurant Group,2ea01711-e071-4154-afe2-06bc9b4e9ed0
GSK.LN,ffd08b56-e4f2-11ee-b30e-3774e444eabf,GSK,GSK Plc,a1240170-d481-11d5-8f83-f03a82eb7e91
BARC.LN,ffd08b57-e4f2-11ee-b30e-3774e444eabf,Barclays,Barclays Plc,bd570a86-d481-11d5-8f83-f03a82eb7e91
SPT.US,ffd08b58-e4f2-11ee-b30e-3774e444eabf,Sprout,Sprout Social Inc.,44f4d52e-1e05-4333-896d-16be7fb7f866
JD.US,,,,
PDD.US,,,,
NTES.US,,,,
BILI.US,,,,
BIDU.US,,,,
LI.US,,,,
FUTU.US,,,,
AMZN.US,,,,
NFLX.US,,,,
META.US,,,,
GOOGL.US,,,,
MSFT.US,,,,
DDOG.US,,,,
ZS.US,,,,
ADBE.US,,,,
ABNB.US,,,,
AAPL.US,,,,
MAR.US,,,,
MU.US,,,,
AMD.US,,,,
NVDA.US,,,,
INTC.US,,,,
QCOM.US,,,,
PYPL.US,,,,
TSLA.US,,,,
ZM.US,ffd08b5d-e4f2-11ee-b30e-3774e444eabf,Zoom Communication,Zoom Video Communications Inc.,f0a9b396-62b3-11d6-8511-b895ad82baeb
COST.US,ffd08b5e-e4f2-11ee-b30e-3774e444eabf,Costco Wholesale,Costco Wholesale,c8905600-d481-11d5-8f83-f03a82eb7e91
AAL.US,ffd08b5f-e4f2-11ee-b30e-3774e444eabf,American Airlines,American Airlines Group,c9f904c4-d481-11d5-8f83-f03a82eb7e91
AMAT.US,ffd08b60-e4f2-11ee-b30e-3774e444eabf,APPLIED,Applied Materials Inc.,c8797156-d481-11d5-8f83-f03a82eb7e91
TEAM.US,ffd08b61-e4f2-11ee-b30e-3774e444eabf,ATLASSIAN CORP CL A,,not found
BYND.US,ffd08b62-e4f2-11ee-b30e-3774e444eabf,BEYOND MEAT,Beyond Meat Inc.,d45d93b2-62b1-11d6-99fe-940f872b75e9
BNTX.US,ffd08b63-e4f2-11ee-b30e-3774e444eabf,BIONTECH SE ADR,,not found
CZR.US,ffd08b64-e4f2-11ee-b30e-3774e444eabf,CAESARS ENTERTAINMENT,Caesars Entertainment Inc.,57717ff0-6b8c-4749-9dd3-740de5d54d9f
CRWD.US,ffd08b65-e4f2-11ee-b30e-3774e444eabf,CrowdStrike,CrowdStrike,043bf366-62ae-11d6-9190-9f21762b9f2e
DBX.US,ffd08b66-e4f2-11ee-b30e-3774e444eabf,DROPBOX,Dropbox Inc.,7d25d926-62f0-11d6-896e-e49f37bb8569
ETSY.US,ffd08b67-e4f2-11ee-b30e-3774e444eabf,ETSY,Etsy Inc.,559cd456-6366-11d6-9589-df0fe795770f
FFIE.US,ffd08b68-e4f2-11ee-b30e-3774e444eabf,FARADAY FUTURE INTELLIGENT,,not found
GILD.US,ffd08b69-e4f2-11ee-b30e-3774e444eabf,GILEAD SCIENCES,Gilead Sciences Inc.,c8ab46d6-d481-11d5-8f83-f03a82eb7e91
ILMN.US,ffd08b6a-e4f2-11ee-b30e-3774e444eabf,ILLUMINA,Illumina Inc.,a255b322-d481-11d5-8f83-f03a82eb7e91
IBKR.US,ffd08b6b-e4f2-11ee-b30e-3774e444eabf,Interactive Brokers,Interactive Brokers Group,84d4a15e-6451-11d6-80f0-8cb2fc18589b
ISRG.US,ffd08b6c-e4f2-11ee-b30e-3774e444eabf,INTUITIVE SURGICAL,Intuitive Surgical Inc.,a243ddaa-d481-11d5-8f83-f03a82eb7e91
LYFT.US,ffd08b6d-e4f2-11ee-b30e-3774e444eabf,LYFT,Lyft Inc.,60166d02-62b7-11d6-942c-9dce8ddb12e3
NVAX.US,ffd08b6e-e4f2-11ee-b30e-3774e444eabf,NOVAVAX,Pfizer Inc.,c88319cc-d481-11d5-8f83-f03a82eb7e91
HOOD.US,ffd08b6f-e4f2-11ee-b30e-3774e444eabf,ROBINHOOD,Robinhood Markets Inc.,02ae0b92-0de1-4595-8197-55337b7c58de
ROKU.US,ffd08b70-e4f2-11ee-b30e-3774e444eabf,ROKU,,not found
SBUX.US,ffd08b71-e4f2-11ee-b30e-3774e444eabf,STARBUCKS,Starbucks Corp.,c7f23812-d481-11d5-8f83-f03a82eb7e91
TXN.US,ffd08b72-e4f2-11ee-b30e-3774e444eabf,TI Texas Instruments,,not found
UAL.US,ffd08b73-e4f2-11ee-b30e-3774e444eabf,United Airlines,United Airlines Holdings,c9043b06-d481-11d5-8f83-f03a82eb7e91
GDS.US,ffd08b74-e4f2-11ee-b30e-3774e444eabf,GDS HOLDINGS,GDS Holdings,9187a778-6340-11d6-81b0-bf31d6cbaffe
MOMO.US,ffd08b75-e4f2-11ee-b30e-3774e444eabf,MOMO,,not found
IMAB.US,ffd08b76-e4f2-11ee-b30e-3774e444eabf,I MAB SPONSORED,,not found
IQ.US,ffd08b77-e4f2-11ee-b30e-3774e444eabf,IQIYI,iQIYI Inc.,c78cb19c-62eb-11d6-9f24-b3b1d2189b96
KC.US,ffd08b78-e4f2-11ee-b30e-3774e444eabf,Kingsoft,Kingsoft Office,865e4315-0da1-4479-870c-80daac942f95
ARM.US,,,,
AVGO.US,ffd08b7a-e4f2-11ee-b30e-3774e444eabf,Broadcom,Broadcom Inc.,b1678572-6354-11d6-9591-ca33caa30e8a
ASML.US,ffd08b7b-e4f2-11ee-b30e-3774e444eabf,ASML,ASML Holding,b826727e-4dba-11d6-81c9-9c877422a6ba
COIN.US,ffd08b7c-e4f2-11ee-b30e-3774e444eabf,Coinbase,Coinbase Global Inc.,edce91b0-b1ef-4d12-b6a2-c3da2da1a223
MRNA.US,ffd08b7d-e4f2-11ee-b30e-3774e444eabf,Moderna,Moderna Inc.,4dd1b4bc-62c6-11d6-9150-df81b6ebff0e
SMCI.US,ffd08b7e-e4f2-11ee-b30e-3774e444eabf,Supermicro Computer,,not found
RIVN.US,ffd08b7f-e4f2-11ee-b30e-3774e444eabf,Rivian,Rivian Automotive Inc.,202ec6d0-683d-46a7-ae20-b742be1eb4d4
PANW.US,ffd08b80-e4f2-11ee-b30e-3774e444eabf,Palo Alto Networks,Palo Alto Networks,02ce892e-63aa-11d6-9c78-c5739085fdbc
WBD.US,ffd08b81-e4f2-11ee-b30e-3774e444eabf,Warner Bros. Discovery,Warner Bros Discovery Inc.,c4e147fe-6413-11d6-99b8-e70130c42a81
MDB.US,ffd08b82-e4f2-11ee-b30e-3774e444eabf,MongoDB,MongoDB Inc.,a98da8a0-6312-11d6-9edf-9263cb892872
ON.US,ffd08b83-e4f2-11ee-b30e-3774e444eabf,ON Semiconductor,BE Semiconductor Industries,737a7927-c6fc-446d-bdb6-1314193dc398
CMCSA.US,ffd08b84-e4f2-11ee-b30e-3774e444eabf,Comcast,Comcast Corp.,eb00c560-64fc-11d6-9f84-937192f8db56
WYNN.US,ffd08b85-e4f2-11ee-b30e-3774e444eabf,Wynn Resorts,Wynn Resorts Ltd.,7365eae0-6528-11d6-8594-cc215a643779
LRCX.US,ffd08b86-e4f2-11ee-b30e-3774e444eabf,Lam Research,Lam Research Corp.,c1683b40-d481-11d5-8f83-f03a82eb7e91
CME.US,ffd08b87-e4f2-11ee-b30e-3774e444eabf,CME,CME Group,c5c4c34a-643a-11d6-999e-f46fa78bd5e9
MARA.US,ffd08b88-e4f2-11ee-b30e-3774e444eabf,Marathon Digital,,not found
SNPS.US,ffd08b89-e4f2-11ee-b30e-3774e444eabf,Synopsys,Intuit Inc.,c158c390-d481-11d5-8f83-f03a82eb7e91
TTD.US,ffd08b8a-e4f2-11ee-b30e-3774e444eabf,Trade Desk,,not found
MRVL.US,ffd08b8b-e4f2-11ee-b30e-3774e444eabf,Marvell,Marvell Technology Inc.,82b98fd8-de00-11d5-9be0-f05e055bbe70
TRIP.US,ffd08b8c-e4f2-11ee-b30e-3774e444eabf,Tripadvisor,TripAdvisor Inc.,032111fa-63b7-11d6-9fd8-ed2ce15a682f
LULU.US,ffd08b8d-e4f2-11ee-b30e-3774e444eabf,LuluLemon,Lululemon Athletica Inc.,aec38abe-6444-11d6-89ce-843f175b2569
JPM.US,,,,
SPOT.US,ffd08b8f-e4f2-11ee-b30e-3774e444eabf,SPOTIFY,Spotify Technology S.A.,75c0e174-62ed-11d6-8511-b8152dc2faab
BABA.US,,,,
BEKE.US,,,,
NIO.US,,,,
XPEV.US,,,,
TSM.US,,,,
ORCL.US,,,,
AI.US,,,,
CRM.US,,,,
DIS.US,,,,
MGM.US,,,,
CCL.US,,,,
WFC.US,,,,
SQ.US,,,,
BA.US,,,,
FCX.US,,,,
SE.US,,,,
NKE.US,,,,
UBER.US,ffd08b92-e4f2-11ee-b30e-3774e444eabf,Uber,Uber Technologies Inc.,3506c7a2-62b1-11d6-9edf-d2a30b89a8b2
WMT.US,,,,
T.US,ffd08b93-e4f2-11ee-b30e-3774e444eabf,AT&T,Pets at Home Group,a9af8c12-6381-11d6-89e8-b7e100c48a71
PFE.US,ffd08b94-e4f2-11ee-b30e-3774e444eabf,Pfizer,Pfizer Inc.,c88319cc-d481-11d5-8f83-f03a82eb7e91
SHOP.US,ffd08b95-e4f2-11ee-b30e-3774e444eabf,SHOPIFY,Shopify Inc.,2fd046ba-6364-11d6-81e9-fce7d4c2867a
AMC.US,ffd08b96-e4f2-11ee-b30e-3774e444eabf,AMC ENTERTAINMENT,AMC Entertainment Holdings,dc07a100-6385-11d6-81f0-ff51960bcf9e
AA.US,ffd08b97-e4f2-11ee-b30e-3774e444eabf,Alcoa,Alcoa Corp.,7bd117fc-6340-11d6-9549-9f0f67d5774f
CAT.US,ffd08b98-e4f2-11ee-b30e-3774e444eabf,CATERPILLAR,Caterpillar Inc.,7e4e3552-de00-11d5-9be0-f05e055bbe70
CVX.US,ffd08b99-e4f2-11ee-b30e-3774e444eabf,CHEVRON,Chevron Corp.,579fb776-c408-11d5-86be-993aaf5c1874
C.US,ffd08b9a-e4f2-11ee-b30e-3774e444eabf,CITIGROUP,Citigroup Inc.,504e6fec-d481-11d5-8f83-f03a82eb7e91
KO.US,ffd08b9b-e4f2-11ee-b30e-3774e444eabf,COCACOLA,Coca Cola Icecek,09ebb018-6442-11d6-9f38-8d2ca13a682f
DAL.US,ffd08b9c-e4f2-11ee-b30e-3774e444eabf,DELTA AIR LINES,Delta Air Lines Inc.,c87f04a4-d481-11d5-8f83-f03a82eb7e91
DASH.US,ffd08b9d-e4f2-11ee-b30e-3774e444eabf,DOORDASH,DoorDash Inc.,832de435-61d0-47c0-8914-0c74bbcdd0fa
F.US,ffd08b9e-e4f2-11ee-b30e-3774e444eabf,FORD,Ford Motor Co.,80a63764-de00-11d5-9be0-f05e055bbe70
YMM.US,ffd08b9f-e4f2-11ee-b30e-3774e444eabf,FULL TRUCK ALLIANCE,Full Truck Alliance Co.,aa34c953-ce6e-4f35-b6f9-0e440a8e88d5
GM.US,ffd08ba0-e4f2-11ee-b30e-3774e444eabf,GMC,,not found
GS.US,ffd08ba1-e4f2-11ee-b30e-3774e444eabf,GOLDMAN SACHS,,not found
K.US,ffd08ba2-e4f2-11ee-b30e-3774e444eabf,KELLOGG,WK Kellogg Co.,8ea8ed84-2d22-416b-bcbb-4fac99a4c11c
LVS.US,ffd08ba3-e4f2-11ee-b30e-3774e444eabf,LAS VEGAS SANDS,Las Vegas Sands Corp.,122285e0-64a1-11d6-9c38-853350857dbc
MA.US,ffd08ba4-e4f2-11ee-b30e-3774e444eabf,MASTERCARD,Mastercard Inc.,6e5ea7ea-6478-11d6-98fc-b8c4783fdd2e
MCD.US,ffd08ba5-e4f2-11ee-b30e-3774e444eabf,MCDONALD,McDonald's Corp.,c9c2e826-d481-11d5-8f83-f03a82eb7e91
MS.US,ffd08ba6-e4f2-11ee-b30e-3774e444eabf,MORGAN STANLEY,Morgan Stanley & Co.,87ebcb38-de00-11d5-9be0-f05e055bbe70
PLTR.US,ffd08ba7-e4f2-11ee-b30e-3774e444eabf,PALANTIR,Palantir Technologies,56087e7b-013b-47ef-a677-f2e216bcf920
RBLX.US,ffd08ba8-e4f2-11ee-b30e-3774e444eabf,ROBLOX,Roblox,b9a4ef7d-9719-42ea-b651-96cd0350c9a9
NOW.US,ffd08ba9-e4f2-11ee-b30e-3774e444eabf,ServiceNow,ServiceNow Inc.,2c8ad17c-63ab-11d6-8e5f-e2335b4908c2
SNAP.US,ffd08baa-e4f2-11ee-b30e-3774e444eabf,SNAP,Snap Inc.,4aac7616-6337-11d6-8597-f12048a806eb
SNOW.US,ffd08bab-e4f2-11ee-b30e-3774e444eabf,SNOWFLAKE,Snowflake Inc.,219135ba-5987-4081-80f5-7cf8a96ae1bc
TEF.US,ffd08bac-e4f2-11ee-b30e-3774e444eabf,TELEFONICA SA-SPON,,not found
X.US,ffd08bad-e4f2-11ee-b30e-3774e444eabf,UNITED STATES STEEL,United States Steel Corp.,75657034-f333-11d5-9c53-cefb9d98b147
U.US,ffd08bae-e4f2-11ee-b30e-3774e444eabf,UNITY,Unity Software Inc.,cdb7251c-5a28-4115-b9cc-281619eb022b
V.US,ffd08baf-e4f2-11ee-b30e-3774e444eabf,VISA,Visa Inc.,3ac7c05e-6425-11d6-90e1-f1a0b8aca14c
HUYA.US,ffd08bb0-e4f2-11ee-b30e-3774e444eabf,HUYA,Huya Inc.,86be620a-62e1-11d6-96fb-c2f7527d9528
EDU.US,ffd08bb1-e4f2-11ee-b30e-3774e444eabf,New Oriental Education,New Oriental Education & Technology,0707d526-646e-11d6-9bc1-8fcc158b15bc
QD.US,ffd08bb2-e4f2-11ee-b30e-3774e444eabf,QUDIAN,,not found
TAL.US,ffd08bb3-e4f2-11ee-b30e-3774e444eabf,TAL EDUCATION,TAL Education Group,d66bc006-63cf-11d6-8081-929c3a048550
TME.US,ffd08bb4-e4f2-11ee-b30e-3774e444eabf,Tencent Music,Tencent Music Entertainment Group,d2bf04be-62c5-11d6-8511-b895ad82baeb
VIPS.US,ffd08bb5-e4f2-11ee-b30e-3774e444eabf,VIPSHOP HOLDINGS,Vipshop Holdings,057a872a-63b1-11d6-8806-c10d14085c01
YSG.US,ffd08bb6-e4f2-11ee-b30e-3774e444eabf,YATSEN HOLDING,Yatsen Holding,2f8afb3b-8a89-4ef9-91a5-d0a854de2630
OXY.US,ffd08bb7-e4f2-11ee-b30e-3774e444eabf,Occidental Petroleum,Occidental Petroleum Corp.,c2aa1f50-d481-11d5-8f83-f03a82eb7e91
BAC.US,ffd08bb8-e4f2-11ee-b30e-3774e444eabf,Bank of America,Bank of America Corp.,c0e5fdf6-d481-11d5-8f83-f03a82eb7e91
MMM.US,ffd08bb9-e4f2-11ee-b30e-3774e444eabf,3M,3M Co.,c317f5c0-d481-11d5-8f83-f03a82eb7e91
NVO.US,ffd08bba-e4f2-11ee-b30e-3774e444eabf,Novo Nordisk,Novo Nordisk,c2162dcc-d481-11d5-8f83-f03a82eb7e91
BX.US,ffd08bbb-e4f2-11ee-b30e-3774e444eabf,Blackstone,Blackstone Group,a80bede0-63e2-11d6-8597-b1e0482886ab
MET.US,ffd08bbc-e4f2-11ee-b30e-3774e444eabf,MetLife,MetLife Inc.,a2efcb2e-d481-11d5-8f83-f03a82eb7e91
UNH.US,ffd08bbd-e4f2-11ee-b30e-3774e444eabf,UnitedHealth,UnitedHealth Group,c3475e0a-d481-11d5-8f83-f03a82eb7e91
TM.US,ffd08bbe-e4f2-11ee-b30e-3774e444eabf,Toyota Motors,Toyota Motor,c0f2287e-d481-11d5-8f83-f03a82eb7e91
DELL.US,ffd08bbf-e4f2-11ee-b30e-3774e444eabf,Dell Computer,,not found
COP.US,ffd08bc0-e4f2-11ee-b30e-3774e444eabf,ConocoPhillips,ConocoPhillips,c794bc14-d481-11d5-8f83-f03a82eb7e91
EL.US,ffd08bc1-e4f2-11ee-b30e-3774e444eabf,Estee Lauder,Estee Lauder Co.,c7b3246a-d481-11d5-8f83-f03a82eb7e91
VZ.US,ffd08bc2-e4f2-11ee-b30e-3774e444eabf,Verizon,Verizon Communications,7e32f54e-de00-11d5-9be0-f05e055bbe70
FDX.US,ffd08bc3-e4f2-11ee-b30e-3774e444eabf,FedEx,FedEx Corp.,74924560-f333-11d5-9c53-cefb9d98b147
GE.US,ffd08bc4-e4f2-11ee-b30e-3774e444eabf,General Electric,Portland General Electric Co.,c8e32b50-d481-11d5-8f83-f03a82eb7e91
CVS.US,ffd08bc5-e4f2-11ee-b30e-3774e444eabf,CVS,CVS Health Corp.,c88d8560-d481-11d5-8f83-f03a82eb7e91
BLK.US,ffd08bc6-e4f2-11ee-b30e-3774e444eabf,BlackRock,BlackRock Inc.,77cf53b6-6477-11d6-8e83-e8459074f603
NET.US,ffd08bc7-e4f2-11ee-b30e-3774e444eabf,Cloudflare,Cloudflare,c091f55a-62a5-11d6-9511-8af30a234e0a
AXP.US,ffd08bc8-e4f2-11ee-b30e-3774e444eabf,American Express,American Express Co.,6fd07ede-c408-11d5-86be-993aaf5c1874
ALB.US,ffd08bc9-e4f2-11ee-b30e-3774e444eabf,Albemarle,Albemarle Corp.,afea9d72-d481-11d5-8f83-f03a82eb7e91
TSN.US,ffd08bca-e4f2-11ee-b30e-3774e444eabf,Tyson Foods,Tyson Foods Inc.,c7ec7d3c-d481-11d5-8f83-f03a82eb7e91
KMB.US,ffd08bcb-e4f2-11ee-b30e-3774e444eabf,Kimberly Clark,Kimberly-Clark de Mexico,87f4574e-de00-11d5-9be0-f05e055bbe70
LLY.US,ffd08bcc-e4f2-11ee-b30e-3774e444eabf,Eli Lilly,Eli Lilly & Co.,c1dfb328-d481-11d5-8f83-f03a82eb7e91
TWLO.US,ffd08bcd-e4f2-11ee-b30e-3774e444eabf,Twilio,Twilio,bac7b2aa-6349-11d6-8f14-e391b2c8bb76
CHPT.US,ffd08bce-e4f2-11ee-b30e-3774e444eabf,ChargePoint,ChargePoint Holdings,09bdf534-fb0a-4949-9ff9-4a8ecf8b909d
GOLD.US,ffd08bcf-e4f2-11ee-b30e-3774e444eabf,Barrick Gold,Barrick Gold Corp.,c0910634-d481-11d5-8f83-f03a82eb7e91
STM.US,ffd08bd0-e4f2-11ee-b30e-3774e444eabf,STMicroelectronics,STMicroelectronics,6adbb934-651b-11d6-8806-c10d14085c01
TMO.US,ffd08bd1-e4f2-11ee-b30e-3774e444eabf,Thermo Fisher,Thermo Fisher Scientific Inc.,bf166ed4-d481-11d5-8f83-f03a82eb7e91
NCLH.US,ffd08bd2-e4f2-11ee-b30e-3774e444eabf,Norwegian,Norwegian Cruise Line Holdings,4143a9ae-63a1-11d6-8968-b7e180c48af1
BRKb.US,ffd08bd3-e4f2-11ee-b30e-3774e444eabf,Berkshire,,not found
C38U.SI,,,,
A17U.SI,,,,
N2IU.SI,,,,
D01.SI,ffd08bd6-e4f2-11ee-b30e-3774e444eabf,DFI RETAIL GROUP,,not found
AJBU.SI,ffd08bd7-e4f2-11ee-b30e-3774e444eabf,KEPPEL DC REIT,Keppel DC REIT,2c2eaff0-636f-11d6-8517-d1004868464b
S68.SI,ffd08bd8-e4f2-11ee-b30e-3774e444eabf,Singapore Exchange,Singapore Exchange,a14fa55a-d481-11d5-8f83-f03a82eb7e91
D05.SI,ffd08bd9-e4f2-11ee-b30e-3774e444eabf,DBS,DBS Group,514ef23c-4d93-11d6-9cf8-c5f31085fdbc
O39.SI,ffd08bda-e4f2-11ee-b30e-3774e444eabf,OCBC,,not found
F34.SI,ffd08bdb-e4f2-11ee-b30e-3774e444eabf,WILMAR INTERNATIONAL,Wilmar International,811f4262-de00-11d5-9be0-f05e055bbe70
Z74.SI,ffd08bdc-e4f2-11ee-b30e-3774e444eabf,Singtel ST,,not found
BN4.SI,ffd08bdd-e4f2-11ee-b30e-3774e444eabf,KEPPEL,Keppel DC REIT,2c2eaff0-636f-11d6-8517-d1004868464b
C6L.SI,ffd08bde-e4f2-11ee-b30e-3774e444eabf,Singapore Airlines,Singapore Airlines,76e3d5f4-f333-11d5-9c53-cefb9d98b147
UBSG.SW,ffd08bdf-e4f2-11ee-b30e-3774e444eabf,UBS AG,UBS Group,dce7106c-636f-11d6-8f7f-884f8937d12a
DTE.GY,ffd08be0-e4f2-11ee-b30e-3774e444eabf,Deutsche Telekom,Deutsche Telekom,b5d863f4-d481-11d5-8f83-f03a82eb7e91
SAP.GY,ffd08be1-e4f2-11ee-b30e-3774e444eabf,SAP,SAP,bf5bc6fa-d481-11d5-8f83-f03a82eb7e91
SIE.GY,ffd08be2-e4f2-11ee-b30e-3774e444eabf,Simens,,not found
VOW3.GY,ffd08be3-e4f2-11ee-b30e-3774e444eabf,VOLKSWAGEN,Volkswagen,c15df55e-d481-11d5-8f83-f03a82eb7e91
ALV.GY,ffd08be4-e4f2-11ee-b30e-3774e444eabf,ALLIANZ,Allianz SE,0695ccc6-4dba-11d6-888c-d894783f6dfe
BAYN.GY,ffd08be5-e4f2-11ee-b30e-3774e444eabf,BAYER,Bayer AG,833e4368-de00-11d5-9be0-f05e055bbe70
PAH3.GY,ffd08be6-e4f2-11ee-b30e-3774e444eabf,PORSCHE,Porsche AG,58855284-acf2-4c9f-9a08-ca015ad6ef36
